correct-config,time,blks-queried,blks-answered
blk_len=40+max_inflight_blk=2147483647,30,7246.2,2941.2166666666667
blk_len=40+max_inflight_blk=2147483647,60,7090.733333333334,2109.4500000000003
blk_len=40+max_inflight_blk=2147483647,90,7328.2,1098.7833333333335
blk_len=40+max_inflight_blk=2147483647,120,7202.816666666667,939.2833333333333
blk_len=40+max_inflight_blk=2147483647,150,7159.733333333334,766.9666666666667
blk_len=40+max_inflight_blk=2147483647,180,7084.166666666667,622.65
blk_len=40+max_inflight_blk=2147483647,210,7176.716666666667,570.0500000000001
blk_len=40+max_inflight_blk=2147483647,240,7246.533333333333,566.9499999999999
blk_len=40+max_inflight_blk=2147483647,270,7168.816666666667,495.5
blk_len=40+max_inflight_blk=2147483647,300,7270.316666666667,433.59999999999997
blk_len=40+max_inflight_blk=2147483647,330,7109.75,419.15
blk_len=40+max_inflight_blk=2147483647,360,7154.15,407.95
blk_len=40+max_inflight_blk=2147483647,390,7351.1,407.65
blk_len=40+max_inflight_blk=2147483647,420,7195.6,394.5
blk_len=40+max_inflight_blk=2147483647,450,7086.35,354.2
blk_len=40+max_inflight_blk=2147483647,480,7052.25,345.15
blk_len=40+max_inflight_blk=2147483647+vote_timeout_secs=3600,30,7293.55,4207.033333333333
blk_len=40+max_inflight_blk=2147483647+vote_timeout_secs=3600,60,7351.666666666667,14720.683333333334
blk_len=40+max_inflight_blk=2147483647+vote_timeout_secs=3600,90,7146.599999999999,14935.433333333334
blk_len=40+max_inflight_blk=2147483647+vote_timeout_secs=3600,120,7179.066666666667,15425.833333333334
blk_len=40+max_inflight_blk=2147483647+vote_timeout_secs=3600,150,7285.55,17674.45
blk_len=40+max_inflight_blk=2147483647+vote_timeout_secs=3600,180,6366.5,22880.733333333334
blk_len=40+max_inflight_blk=2147483647+vote_timeout_secs=3600,210,5941.516666666666,26324.683333333334
blk_len=40+max_inflight_blk=2147483647+vote_timeout_secs=3600,240,5603.150000000001,28253.433333333334
blk_len=40+max_inflight_blk=2147483647+vote_timeout_secs=3600,270,5077.533333333333,30593.099999999995
blk_len=40+max_inflight_blk=2147483647+vote_timeout_secs=3600,300,4743.616666666667,31162.55
blk_len=40+max_inflight_blk=40,30,1153.0,10220.416666666666
blk_len=40+max_inflight_blk=40,60,3673.866666666667,33070.23333333333
blk_len=40+max_inflight_blk=40,90,3676.7833333333333,33102.28333333333
blk_len=40+max_inflight_blk=40,120,3571.616666666667,32138.333333333332
blk_len=40+max_inflight_blk=40,150,3434.183333333333,30900.066666666666
blk_len=40+max_inflight_blk=40,180,3312.366666666667,29827.45
blk_len=40+max_inflight_blk=40,210,3560.433333333333,32041.8
blk_len=40+max_inflight_blk=40,240,3484.183333333333,31361.783333333336
blk_len=40+max_inflight_blk=40,270,3570.65,32149.95
blk_len=40+max_inflight_blk=40,300,3528.6,31724.95
